﻿pos_x,pos_y,rotation,side,designator,mpn,pack,footprint,value,mount_type
128.3125,-61.56,180.0,bottom,C1,,,C_0603_1608Metric_Pad1.08x0.95mm_HandSolder,100n,smt
145.72,-105.31,90.0,bottom,C10,,,C_0805_2012Metric_Pad1.18x1.45mm_HandSolder,22p,smt
146.04,-110.01,-90.0,bottom,C11,,,C_0805_2012Metric_Pad1.18x1.45mm_HandSolder,22p,smt
130.44,-94.31,180.0,bottom,C12,,,C_0603_1608Metric_Pad1.08x0.95mm_HandSolder,100n,smt
127.8,-112.42,180.0,bottom,C13,,,C_0603_1608Metric_Pad1.08x0.95mm_HandSolder,100n,smt
165.53,-91.82,180.0,bottom,C2,,,C_0805_2012Metric_Pad1.18x1.45mm_HandSolder,10u,smt
149.8325,-93.1975,-90.0,bottom,C3,,,C_0805_2012Metric_Pad1.18x1.45mm_HandSolder,10u,smt
152.9575,-61.58,180.0,bottom,C4,,,C_0603_1608Metric_Pad1.08x0.95mm_HandSolder,100n,smt
195.17,-71.93,-90.0,top,C5,,,C_0603_1608Metric_Pad1.08x0.95mm_HandSolder,100n,smt
194.91,-64.08,-90.0,top,C6,,,C_0603_1608Metric_Pad1.08x0.95mm_HandSolder,100n,smt
106.85,-68.51,180.0,bottom,C7,,,C_0603_1608Metric_Pad1.08x0.95mm_HandSolder,100n,smt
136.61,-95.41,0.0,bottom,C9,,,C_0603_1608Metric_Pad1.08x0.95mm_HandSolder,100n,smt
198.48,-81.81,90.0,top,D1,,,LED_0805_2012Metric,LTST-C171KGKT,smt
198.48,-85.6675,-90.0,top,D2,,,LED_0805_2012Metric,LTST-C171KGKT,smt
163.45,-96.93,180.0,bottom,D3,,,LED_0805_2012Metric,LTST-C171KGKT,smt
195.59,-112.69,0.0,top,J1,,,USB_Micro-B_Amphenol_10118194-0001LF_Horizontal,10118194-0001LF,smt
196.28,-103.76,90.0,top,J2,,,USB_C_Receptacle_TME_16P,USB_C_Receptacle_USB2.0_16P,smt
120.62,-113.44,-90.0,top,J3,,,PinSocket_1x06_P2.54mm_Vertical,Conn_01x06,tht
122.93,-107.39,180.0,bottom,Q1,,,SOT-23_Handsoldering,NPN,smt
123.02,-101.74,180.0,bottom,Q2,,,SOT-23_Handsoldering,NPN,smt
129.83,-96.875,-90.0,bottom,R10,,,R_0603_1608Metric,1k,smt
135.34,-110.55,90.0,bottom,R11,,,R_0603_1608Metric,10k,smt
130.8,-113.32,-90.0,bottom,R12,,,R_0603_1608Metric,1k,smt
197.35,-89.255,90.0,top,R13,,,R_0603_1608Metric,240,smt
197.57,-78.31,90.0,top,R14,,,R_0603_1608Metric,240,smt
196.63,-105.67,180.0,bottom,R15,,,R_0603_1608Metric,"5,1k",smt
196.675,-102.48,180.0,bottom,R16,,,R_0603_1608Metric,"5,1k",smt
159.89,-95.86,0.0,bottom,R17,,,R_0603_1608Metric,100k,smt
159.91,-98.64,0.0,bottom,R18,,,R_0603_1608Metric,240,smt
184.8,-71.14,180.0,bottom,R3,,,R_0603_1608Metric,1k,smt
195.17,-75.27,-90.0,top,R4,,,R_0603_1608Metric,1k,smt
194.93,-67.49,-90.0,top,R5,,,R_0603_1608Metric,1k,smt
184.81,-68.07,180.0,bottom,R6,,,R_0603_1608Metric,1k,smt
131.91,-104.58,90.0,bottom,R7,,,R_0603_1608Metric,10k,smt
131.94,-100.27,90.0,bottom,R8,,,R_0603_1608Metric,10k,smt
132.82,-96.94,90.0,bottom,R9,,,R_0603_1608Metric,10k,smt
187.99,-77.18,90.0,top,SW1,,,SW_PUSH_6mm_H4.3mm,SW_Push_Dual_x2,tht
187.99,-67.46,90.0,top,SW2,,,SW_PUSH_6mm_H4.3mm,SW_Push_Dual_x2,tht
192.44,-90.19,-90.0,top,SW3,,,SW_PUSH_6mm_H4.3mm,SW_Push_Dual_x2,tht
192.48,-80.37,-90.0,top,SW4,,,SW_PUSH_6mm_H4.3mm,SW_Push_Dual_x2,tht
124.17,-64.84,90.0,bottom,U1,,,nRF24L01_Breakout,NRF24L01_Breakout,tht
142.863301,-84.897334,180.0,top,U2,,,LCD_2_8,~,smt
159.555,-86.465,90.0,bottom,U3,,,TO-252-5_TabPin3,LM39101RS-3.3V,smt
157.72,-65.42,0.0,top,U4,,,ESP32-WROOM-32E,ESP32-WROOM-32E-N4,smt
138.615,-102.275,180.0,bottom,U5,,,SOIC-16_3.9x9.9mm_P1.27mm,CH340G,smt
188.0075,-109.45,180.0,top,U6,,,SOT-23-6,USBLC6-2SC6,smt
187.9775,-103.25,180.0,top,U7,,,SOT-23-6,USBLC6-2SC6,smt
152.98,-105.86,0.0,bottom,Y1,,,Crystal_SMD_3225-4Pin_3.2x2.5mm_HandSoldering,Crystal_GND24,smt
