﻿Designator,Quantity,Value,Footprint,Package,MPN,DNP,Mount_Type,Description,Model,Sim.Pin,Sim.Device,Sim.Type,Sim.Pins
"C1, C12, C13, C4, C5, C6, C7, C9",8,100n,C_0603_1608Metric_Pad1.08x0.95mm_HandSolder,,,,smt,Unpolarized capacitor,,,,,
"C10, C11",2,22p,C_0805_2012Metric_Pad1.18x1.45mm_HandSolder,,,,smt,Unpolarized capacitor,C0805C220J5GAC7800,,,,
"C2, C3",2,10u,C_0805_2012Metric_Pad1.18x1.45mm_HandSolder,,,,smt,Unpolarized capacitor,,,,,
"D1, D2, D3",3,LTST-C171KGKT,LED_0805_2012Metric,,,,smt,"Light emitting diode, small symbol",,1=K 2=A,,,
J1,1,10118194-0001LF,USB_Micro-B_Amphenol_10118194-0001LF_Horizontal,,,,smt,USB Micro Type B connector,,,,,
J2,1,USB_C_Receptacle_USB2.0_16P,USB_C_Receptacle_TME_16P,,,,smt,USB 2.0-only 16P Type-C Receptacle connector,,,,,
J3,1,Conn_01x06,PinSocket_1x06_P2.54mm_Vertical,,,,tht,"Generic connector, single row, 01x06, script generated (kicad-library-utils/schlib/autogen/connector/)",,,,,
"Q1, Q2",2,NPN,SOT-23_Handsoldering,,,,smt,BC817-40-AQ-DIO,,,NPN,GUMMELPOON,1=C 2=B 3=E
"R10, R12, R3, R4, R5, R6",6,1k,R_0603_1608Metric,,,,smt,"Resistor, small symbol",,,,,
"R11, R7, R8, R9",4,10k,R_0603_1608Metric,,,,smt,"Resistor, small symbol",,,,,
"R13, R14, R18",3,240,R_0603_1608Metric,,,,smt,"Resistor, small symbol",,,,,
"R15, R16",2,"5,1k",R_0603_1608Metric,,,,smt,RCA06035K10FKEA,,,,,
R17,1,100k,R_0603_1608Metric,,,,smt,"Resistor, small symbol",,,,,
"SW1, SW2, SW3, SW4",4,SW_Push_Dual_x2,SW_PUSH_6mm_H4.3mm,,,,tht,"Push button switch, generic, separate symbols, four pins",,,,,
U1,1,NRF24L01_Breakout,nRF24L01_Breakout,,,,tht,"Ultra low power 2.4GHz RF Transceiver, Carrier PCB",,,,,
U2,1,~,LCD_2_8,,,,smt,,,,,,
U3,1,LM39101RS-3.3V,TO-252-5_TabPin3,,,,smt,,,,,,
U4,1,ESP32-WROOM-32E-N4,ESP32-WROOM-32E,,,,smt,"RF Module, ESP32-D0WD-V3 SoC, without PSRAM, Wi-Fi 802.11b/g/n, Bluetooth, BLE, 32-bit, 2.7-3.6V, onboard antenna, SMD",,,,,
U5,1,CH340G,SOIC-16_3.9x9.9mm_P1.27mm,,,,smt,"USB serial converter, UART, SOIC-16",,,,,
"U6, U7",2,USBLC6-2SC6,SOT-23-6,,,,smt,"Very low capacitance ESD protection diode, 2 data-line, SOT-23-6",,,,,
Y1,1,Crystal_GND24,Crystal_SMD_3225-4Pin_3.2x2.5mm_HandSoldering,,,,smt,3225-12M-SR,,,,,
