﻿Designator,Quantity,Value,Footprint,Package,MPN,DNP,Mount_Type,Description,Sim.Pin
"C1, C2, C3, C4",4,100n,C_0603_1608Metric,,,,smt,Unpolarized capacitor,
D1,1,LTST-C171KGKT,LED_0805_2012Metric,,,,smt,"Light emitting diode, small symbol",1=K 2=A
J1,1,Zasilanie,PinHeader_1x02_P2.54mm_Vertical,,,,tht,"Generic connector, single row, 01x02, script generated (kicad-library-utils/schlib/autogen/connector/)",
J2,1,Conn_02x03_Odd_Even,PinHeader_2x03_P2.54mm_Vertical,,,,tht,"Generic connector, double row, 02x03, odd/even pin numbering scheme (row 1 odd numbers, row 2 even numbers), script generated (kicad-library-utils/schlib/autogen/connector/)",
R1,1,240,R_0603_1608Metric,,,,smt,"Resistor, small symbol",
U1,1,NRF24L01_Breakout,nRF24L01_Breakout,,,,tht,"Ultra low power 2.4GHz RF Transceiver, Carrier PCB",
U2,1,ATtiny414-SS,SOIC-14_3.9x8.7mm_P1.27mm,,,,smt,"20MHz, 4kB Flash, 256B SRAM, 128B EEPROM, SOIC-14",
U3,1,BME280,Bosch_LGA-8_2.5x2.5mm_P0.65mm_ClockwisePinNumbering,,,,smt,"3-in-1 sensor, humidity, pressure, temperature, I2C and SPI interface, 1.71-3.6V, LGA-8",
