﻿pos_x,pos_y,rotation,side,designator,mpn,pack,footprint,value,mount_type
131.725,-37.18,90.0,top,C1,,,C_0603_1608Metric,100n,smt
138.66,-34.9,0.0,top,C2,,,C_0603_1608Metric,100n,smt
126.65,-39.72,180.0,top,C3,,,C_0603_1608Metric,100n,smt
122.325,-41.31,-90.0,top,C4,,,C_0603_1608Metric,100n,smt
123.365,-47.37,180.0,top,D1,,,LED_0805_2012Metric,LTST-C171KGKT,smt
119.645,-37.75,-90.0,top,J1,,,PinHeader_1x02_P2.54mm_Vertical,Zasilanie,tht
117.115,-41.5,0.0,top,J2,,,PinHeader_2x03_P2.54mm_Vertical,Conn_02x03_Odd_Even,tht
123.325,-45.26,180.0,top,R1,,,R_0603_1608Metric,240,smt
137.57,-37.09,0.0,top,U1,,,nRF24L01_Breakout,NRF24L01_Breakout,tht
129.21,-45.3075,0.0,top,U2,,,SOIC-14_3.9x8.7mm_P1.27mm,ATtiny414-SS,smt
128.915,-37.28,180.0,top,U3,,,Bosch_LGA-8_2.5x2.5mm_P0.65mm_ClockwisePinNumbering,BME280,smt
